uts,utc_time,artist,artist_mbid,album,album_mbid,track,track_mbid
"1718927967","20 Jun 2024, 23:59","Better Oblivion Community Center","9861b813-3e8e-4e3a-b5ec-78ac6280489a","Better Oblivion Community Center","","My City","1e68b967-8feb-423b-92e0-4b703724230b"
"1718927770","20 Jun 2024, 23:56","Pavement","","Slanted & Enchanted: Luxe & Reduxe","","Frontwards","4e51bd11-77e0-4d13-8988-8cfe3ea318a9"
"1718927583","20 Jun 2024, 23:53","Crying","e4687e1b-cf22-4fe1-83b7-ae82d874e17c","Beyond the Fleeting Gales","2bbaec58-5eff-43bc-be41-22928a4e2b6c","Premonitory Dream","4640db2d-16cf-4da2-b809-ece69052b779"
"1718927388","20 Jun 2024, 23:49","Indigo De Souza","a8d894ce-0e6b-4ddd-a49b-46f6330a590f","All of This Will End","6e3f8936-81e2-4bdd-b19b-76f180a3225a","Smog","91ae7447-a0ad-42a5-88b7-f8b8e7278bb0"
"1718927271","20 Jun 2024, 23:47","Matt OX","5ccb759f-2cdf-40b3-93f9-883ce3cd9ea8","Overwhelming","743adc39-a9f2-465d-a872-b55b6e9f03d9","Overwhelming","8c1741d4-1c29-4d20-a6ad-1b1421b979fb"
"1718927142","20 Jun 2024, 23:45","Ian","890b6c4f-583b-4c6f-a42a-a07b923abc49","Valedictorian","3af469c3-2d64-4bc7-bf8d-a6b409304df5","Never Stop","f6fc70f6-481b-4c0a-9302-ee7b9b7bdc48"
"1718927008","20 Jun 2024, 23:43","Charli XCX","260b6184-8828-48eb-945c-bc4cb6fc34ca","BRAT","4b4698bd-25c7-4635-96e2-178ae2d5cd3b","360","9e687f51-1fa6-4374-b9e0-2e3df630bcd5"
"1718926846","20 Jun 2024, 23:40","Charli XCX","260b6184-8828-48eb-945c-bc4cb6fc34ca","BRAT","4b4698bd-25c7-4635-96e2-178ae2d5cd3b","Talk talk","351af27b-2581-4f27-a75f-1ae5200db4f2"
"1718926715","20 Jun 2024, 23:38","Charli XCX","260b6184-8828-48eb-945c-bc4cb6fc34ca","the 360 remix with robyn and yung lean","","the 360 remix with robyn and yung lean",""
"1718926497","20 Jun 2024, 23:34","Yeah Yeah Yeahs","584c04d2-4acc-491b-8a0a-e63133f4bfc4","Fever To Tell (Deluxe Remastered)","","Maps","46388d40-71c2-47e9-a37f-05fd0459c454"
"1718922506","20 Jun 2024, 22:28","Bladee","cd689e77-dfdd-4f81-b50c-5e5a3f5e38a4","COLD VISIONS","d7d52cb9-0b8e-487a-b1fa-29d06e33ae65","TERRIBLE EXCELLENCE (feat. Yung Lean)",""
"1718922253","20 Jun 2024, 22:24","Carly Rae Jepsen","09887aa7-226e-4ecc-9a0c-02d2ae5777e1","Emotion (Deluxe Expanded Edition)","","Run Away with Me","7121c3e9-a122-4347-9780-041ae1fd14c4"
"1718922130","20 Jun 2024, 22:22","8485","68eae9ac-43a1-465f-97dd-ce5ea3cb9dc9","Personal Protocol","32a94c14-1f18-406b-a1a0-de892fcd75ca","COOL_DNB_SONG",""
"1718921978","20 Jun 2024, 22:19","Bladee","cd689e77-dfdd-4f81-b50c-5e5a3f5e38a4","COLD VISIONS","d7d52cb9-0b8e-487a-b1fa-29d06e33ae65","WODRAINER","1cfcd9b6-0f41-4828-9ac0-2189cda6642c"
"1718921851","20 Jun 2024, 22:17","Chappell Roan","56a55378-f155-48de-80a5-d80104221267","Love Me Anyway","3d9807ce-9b72-450a-9583-7b625311da72","Love Me Anyway","02c78c53-9238-4d40-8929-64f81a8d13b6"
"1718921743","20 Jun 2024, 22:15","Pavement","","Slanted & Enchanted: Luxe & Reduxe","","Lions (Linden)","8c73cf82-7a70-397c-b9cd-47ac64f8ae3b"
"1718921537","20 Jun 2024, 22:12","Pavement","","Slanted & Enchanted: Luxe & Reduxe","","Frontwards","4e51bd11-77e0-4d13-8988-8cfe3ea318a9"
"1718921350","20 Jun 2024, 22:09","Crying","e4687e1b-cf22-4fe1-83b7-ae82d874e17c","Beyond the Fleeting Gales","2bbaec58-5eff-43bc-be41-22928a4e2b6c","Premonitory Dream","4640db2d-16cf-4da2-b809-ece69052b779"
"1718921155","20 Jun 2024, 22:05","Indigo De Souza","a8d894ce-0e6b-4ddd-a49b-46f6330a590f","All of This Will End","6e3f8936-81e2-4bdd-b19b-76f180a3225a","Smog","91ae7447-a0ad-42a5-88b7-f8b8e7278bb0"
"1718921038","20 Jun 2024, 22:03","Matt OX","5ccb759f-2cdf-40b3-93f9-883ce3cd9ea8","Overwhelming","743adc39-a9f2-465d-a872-b55b6e9f03d9","Overwhelming","8c1741d4-1c29-4d20-a6ad-1b1421b979fb"
"1718920910","20 Jun 2024, 22:01","Ian","890b6c4f-583b-4c6f-a42a-a07b923abc49","Valedictorian","3af469c3-2d64-4bc7-bf8d-a6b409304df5","Never Stop","f6fc70f6-481b-4c0a-9302-ee7b9b7bdc48"
"1718920776","20 Jun 2024, 21:59","Charli XCX","260b6184-8828-48eb-945c-bc4cb6fc34ca","BRAT","4b4698bd-25c7-4635-96e2-178ae2d5cd3b","360","9e687f51-1fa6-4374-b9e0-2e3df630bcd5"
"1718920614","20 Jun 2024, 21:56","Charli XCX","260b6184-8828-48eb-945c-bc4cb6fc34ca","BRAT","4b4698bd-25c7-4635-96e2-178ae2d5cd3b","Talk talk","351af27b-2581-4f27-a75f-1ae5200db4f2"
"1718920483","20 Jun 2024, 21:54","Charli XCX","260b6184-8828-48eb-945c-bc4cb6fc34ca","the 360 remix with robyn and yung lean","","the 360 remix with robyn and yung lean",""
"1718920264","20 Jun 2024, 21:51","Yeah Yeah Yeahs","584c04d2-4acc-491b-8a0a-e63133f4bfc4","Fever To Tell (Deluxe Remastered)","","Maps","46388d40-71c2-47e9-a37f-05fd0459c454"
"1718920042","20 Jun 2024, 21:47","Trauma Ray","7406b0d5-657d-445b-8cb0-781bb4e3d276","[trauma ray]","020f85df-6fb8-407b-bfcc-6fdb9a9d67d7","Relay","47d7d15c-ad1c-4ff0-84a5-db403f05926e"
"1718919733","20 Jun 2024, 21:42","Superdrag","c60c930e-d081-486c-b0ca-2dcdd8ee2b96","Last Call for Vitriol","64b75fd5-d712-41fc-a942-7f28d0795f93","Feeling Like I Do","48674005-4517-4372-a8d7-35c5644b5459"
"1718919601","20 Jun 2024, 21:40","Nirvana","","In Utero","054d2a63-97a8-4e68-ace0-519d6dea7551","Very Ape",""
"1718919502","20 Jun 2024, 21:38","Pavement","","Slanted & Enchanted","","Two States","8f8a6f22-7b5e-4532-a2eb-ab701ee88298"
"1718919312","20 Jun 2024, 21:35","Kendrick Lamar","381086ea-f511-4aba-bdf9-71c753dc5077","DAMN.","503c4a0f-97b9-4d6b-9a27-52a7f6b21cc9","ELEMENT.","34395269-c05f-4bde-bd95-0ded15cb8b15"
"1718919109","20 Jun 2024, 21:31","Soccer Mommy","84803b1d-dcb3-490d-9af5-debbba64a011","rom com 2021","9058dbdd-44bb-4da3-be16-f0776690639a","rom com 2021",""
"1718918843","20 Jun 2024, 21:27","Olivia Rodrigo","6925db17-f35e-42f3-a4eb-84ee6bf5d4b0","GUTS","1b1e6e31-009c-42de-ba51-0825653d4960","bad idea right?","de92a070-4368-493b-8755-ec7e3036b352"
"1718918556","20 Jun 2024, 21:22","Kendrick Lamar","381086ea-f511-4aba-bdf9-71c753dc5077","To Pimp a Butterfly","04944dc2-3736-45bc-b3b6-63fd42b86136","Wesley's Theory","c47d12de-2982-4875-8200-ad47b6e3c68d"
"1718915893","20 Jun 2024, 20:38","Chief Keef","9118f524-be76-4eaf-875c-ccf15e2a2ad6","4NEM","9d1aae9f-d174-424d-b523-2910fe4f20e8","Bitch Where","890d23e6-0173-4a37-a321-f68fece09516"
"1718915646","20 Jun 2024, 20:34","Emperor X","e79dde40-8b35-4105-89f8-a5b0afbfd43c","Western Teleport","29b8fb37-45c9-4d40-8461-a3378e843b20","Erica Western Teleport","85044e0a-97af-3a5f-b740-ddae0b0a5978"
"1718884988","20 Jun 2024, 12:03","Indigo De Souza","a8d894ce-0e6b-4ddd-a49b-46f6330a590f","Any Shape You Take","056d5cad-2454-43c8-b4f1-bb59f12dd822","Kill Me","4a3a6ef3-e227-4e3b-babd-f7f91e7a8e6b"
"1718884819","20 Jun 2024, 12:00","The Beths","4c74fc48-8108-4556-87af-154af74f2ce5","Expert in a Dying Field","50b23d48-2575-48a8-b7d5-0444ff1f55f5","Silence Is Golden","53b43092-bdbb-4e32-9069-52613a6c3fd4"
"1718884676","20 Jun 2024, 11:57","Charli XCX","260b6184-8828-48eb-945c-bc4cb6fc34ca","BRAT","4b4698bd-25c7-4635-96e2-178ae2d5cd3b","Sympathy is a knife","75fbda47-954c-4a9d-b6a8-e28ad376313a"
"1718884446","20 Jun 2024, 11:54","The Strokes","","Room on Fire","0a2e2459-d814-44b6-a5e9-575b666020cb","Reptilia","8f9dec01-c479-4ad4-96b5-0950a97c1a91"
"1718884233","20 Jun 2024, 11:50","Momma","a17342a6-e661-4874-9687-957caf010377","Household Name","acd6ac10-09cd-42c8-835f-a3760ad2cb85","Spider","0852a1d8-c0b8-49d8-a6fd-e14332af93a0"
"1718884112","20 Jun 2024, 11:48","8485","68eae9ac-43a1-465f-97dd-ce5ea3cb9dc9","Personal Protocol","32a94c14-1f18-406b-a1a0-de892fcd75ca","COOL_DNB_SONG",""
"1718883983","20 Jun 2024, 11:46","Japanese Breakfast","8c529495-91f5-4e2f-b71b-adcb66878d04","Jubilee","7aa0673a-53b0-4cb8-9a94-9834b3c43b22","Savage Good Boy","ab506b58-43d1-486d-8f7f-4240d44d1a74"
"1718883758","20 Jun 2024, 11:42","Chappell Roan","56a55378-f155-48de-80a5-d80104221267","Good Luck, Babe!","3f6e621f-aefd-4597-8866-9072a1161ea6","Good Luck, Babe!","7194cfbb-36e7-48a1-b7aa-8dce21a0785a"
"1718883633","20 Jun 2024, 11:40","Charli XCX","260b6184-8828-48eb-945c-bc4cb6fc34ca","BRAT and it’s the same but there’s three more songs so it’s not","70f1b4e3-db24-4006-ab4e-5f8f1ae981cc","360","9e687f51-1fa6-4374-b9e0-2e3df630bcd5"
"1718850642","20 Jun 2024, 02:30","Really From","76654b90-7bfd-4423-899e-97ef9c2c5eed","Verse","","You Need a Visa","98183a39-6090-46f8-b0ff-2ad9210e8d09"
"1718833345","19 Jun 2024, 21:42","Snail Mail","86cd4d38-857c-42bd-a5da-9acedcab1e01","The 2nd Most Beautiful Girl In The World","947c58c7-83ee-4abc-b4bd-023b5c8d5d7f","The 2nd Most Beautiful Girl In The World","0662ad9e-1952-4799-ba40-48e32ede9075"
"1718833208","19 Jun 2024, 21:40","Great Grandpa","fe920df0-e56d-4556-84c4-11f530ec4abc","Four Of Arrows","0294e16d-6615-486e-b7db-bae383b0e23b","Treat Jar","68dc9cba-e8f5-45e1-abf8-b8dd7192e38f"
"1718833070","19 Jun 2024, 21:37","Snarls","dee28af0-55de-478a-91fd-c34c4e6df4c2","Burst","447a1393-03c5-4115-aeed-049e6bf51368","Marbles","de104fce-2254-48bb-8ea9-b7ee1294ebf7"
"1718832915","19 Jun 2024, 21:35","Great Grandpa","fe920df0-e56d-4556-84c4-11f530ec4abc","Four Of Arrows","0294e16d-6615-486e-b7db-bae383b0e23b","Treat Jar","68dc9cba-e8f5-45e1-abf8-b8dd7192e38f"
"1718761723","19 Jun 2024, 01:48","Baby Keem","81d12ca7-5b89-4d21-8736-860b7400b4eb","The Melodic Blue","7c1aa446-6ec0-4df5-a867-16a4bf6548ef","family ties (with Kendrick Lamar)","799489e7-15b7-47a2-b1e0-fff887987968"
"1718761573","19 Jun 2024, 01:46","Quinn","","Interstate185","","80mph",""
"1718761467","19 Jun 2024, 01:44","Matt OX","5ccb759f-2cdf-40b3-93f9-883ce3cd9ea8","Overwhelming","743adc39-a9f2-465d-a872-b55b6e9f03d9","Overwhelming","8c1741d4-1c29-4d20-a6ad-1b1421b979fb"
"1718761180","19 Jun 2024, 01:39","Better Oblivion Community Center","9861b813-3e8e-4e3a-b5ec-78ac6280489a","Better Oblivion Community Center","","My City","1e68b967-8feb-423b-92e0-4b703724230b"
"1718761068","19 Jun 2024, 01:37","Free Cake For Every Creature","16f0ea6f-908f-4dcf-b0e0-473ce60b584e","Talking Quietly Of Anything With You","0d5e20f3-c176-466b-a58b-ffd3cafebdbe","All You Gotta Be When You're 23 is Yourself","a3a6cf5f-2717-42f5-bfe5-cbf1066d414a"
"1718760946","19 Jun 2024, 01:35","Charly Bliss","6069d86f-ca46-48a5-bb34-77d21f6e3d0a","Guppy","55af8664-2b7f-4ee2-93b7-78309873999e","Ruby","13ce0d51-d273-4f80-a184-07b9a41bae0e"
"1718730946","18 Jun 2024, 17:15","Kendrick Lamar","381086ea-f511-4aba-bdf9-71c753dc5077","good kid, m.A.A.d city (Deluxe)","","Swimming Pools (Drank) (extended version)","06f1c44e-e3dc-4fed-ac63-833608c675e3"
"1718730684","18 Jun 2024, 17:11","Beck","","Guero","307f0bba-78db-439a-94cf-e6d47dadbb09","E-Pro","13912ef8-31e7-3c70-89a5-5de42833a188"
"1718730525","18 Jun 2024, 17:08","Team Mekano","","Mekanoworld.xyz","fd100219-a2a4-486e-8481-cc9c4bd4204f","Eon RipOff$$","b59cb85b-9ed4-468d-a454-80d83108a438"
"1718730445","18 Jun 2024, 17:07","Kaizo Slumber","","How Are We Feeling Today?","004a0528-1527-43d9-81b1-cfd5078c324b","NAPALM STICKS TO KIDS","5610c756-387a-4e75-95ab-8a5256f38329"
"1718730335","18 Jun 2024, 17:05","d0llywood1","","ihonestlymightjustgiveup","","ihonestlymightjustgiveup",""
"1718730146","18 Jun 2024, 17:02","Underscores","","fishmonger","7b10301a-3a74-4d5d-8312-443389d0b4ec","Spoiled little brat","2d295ecc-de04-4dd7-9a18-feb81f607b18"
"1718730028","18 Jun 2024, 17:00","purity filter","","DOPAMINE/WISTERIA","","DOPAMINE",""
"1718729800","18 Jun 2024, 16:56","The Strokes","","Room on Fire","0a2e2459-d814-44b6-a5e9-575b666020cb","Reptilia","8f9dec01-c479-4ad4-96b5-0950a97c1a91"
"1718729708","18 Jun 2024, 16:55","Thundercat","044fd265-79dd-43eb-afc4-8b20becf7e17","It Is What It Is","0bb16545-9846-4c07-8863-222bf908a0e2","Funny Thing","21764a94-3e25-4d75-b983-e55adf12bb79"
"1718729489","18 Jun 2024, 16:51","Hippo Campus","cf9655a8-ce1e-414e-9843-de1c4a60830d","Landmark","112cc2be-5371-448f-9a19-a8ac4df9a562","Way It Goes","002c2046-4207-499d-b08c-38eca092d67c"
"1718729314","18 Jun 2024, 16:48","Reneé Rapp","e4378b7a-6138-441a-aa34-50e11a562066","Snow Angel","","Talk Too Much","6abae56c-f6c3-4529-b19b-503905d1428f"
"1718729146","18 Jun 2024, 16:45","Better Oblivion Community Center","9861b813-3e8e-4e3a-b5ec-78ac6280489a","Little Trouble b/w Sleepwalkin' (Daydreamin' Version)","6eee0591-0204-42d7-a446-f2090d5b967a","Little Trouble","9c565605-70d8-45f4-a5cc-83c2c2fbc359"
"1718728962","18 Jun 2024, 16:42","Saoirse Dream","af0c4afb-8717-4dad-b453-6b015c0d8bdc","i want it all (trophy)","","i want it all (trophy)",""
"1718653983","17 Jun 2024, 19:53","j3dno","","back there","","back there",""
"1718653602","17 Jun 2024, 19:46","Slow Pulp","00505f51-68a8-45fc-b6d6-51be64751378","At Home","03ff0bc0-3e99-4627-83c3-67e59f7820a6","At Home","094fdf78-26b9-43d2-a9f5-a8ac31df1120"
"1718653491","17 Jun 2024, 19:44","Free Cake For Every Creature","16f0ea6f-908f-4dcf-b0e0-473ce60b584e","Talking Quietly Of Anything With You","0d5e20f3-c176-466b-a58b-ffd3cafebdbe","first summer in a city","18abc99f-c905-4233-bdab-252bf287d59a"
"1718653366","17 Jun 2024, 19:42","Free Cake For Every Creature","16f0ea6f-908f-4dcf-b0e0-473ce60b584e","Talking Quietly Of Anything With You","0d5e20f3-c176-466b-a58b-ffd3cafebdbe","first summer in a city","18abc99f-c905-4233-bdab-252bf287d59a"
"1718653200","17 Jun 2024, 19:40","Free Cake For Every Creature","16f0ea6f-908f-4dcf-b0e0-473ce60b584e","Talking Quietly Of Anything With You","0d5e20f3-c176-466b-a58b-ffd3cafebdbe","first summer in a city","18abc99f-c905-4233-bdab-252bf287d59a"
"1718653081","17 Jun 2024, 19:38","Free Cake For Every Creature","16f0ea6f-908f-4dcf-b0e0-473ce60b584e","Talking Quietly Of Anything With You","0d5e20f3-c176-466b-a58b-ffd3cafebdbe","first summer in a city","18abc99f-c905-4233-bdab-252bf287d59a"
"1718652871","17 Jun 2024, 19:34","Momma","a17342a6-e661-4874-9687-957caf010377","Household Name","acd6ac10-09cd-42c8-835f-a3760ad2cb85","Rockstar","9a727d3d-37b1-41aa-82c7-3efe4cedda9e"
"1718652675","17 Jun 2024, 19:31","The Beths","4c74fc48-8108-4556-87af-154af74f2ce5","Jump Rope Gazers","6f858ace-36fc-41b7-b95a-18d196583847","Out of Sight","40a1813e-71f8-4212-95af-fe417e6c7e54"
"1718652541","17 Jun 2024, 19:29","Indigo De Souza","a8d894ce-0e6b-4ddd-a49b-46f6330a590f","All of This Will End","6e3f8936-81e2-4bdd-b19b-76f180a3225a","You Can Be Mean","d6001726-5cb3-4837-a9bb-9f01bc12e074"
"1718652360","17 Jun 2024, 19:26","JPEGMAFIA","c42e60f4-4520-4954-b6e4-82bbdf532c11","OFFLINE!","1fd3b168-2e39-4630-ad16-6329a2c2712a","HAZARD DUTY PAY!","5b482768-8cba-4588-a851-b07dbcf36800"
"1718652211","17 Jun 2024, 19:23","DANGERDOOM","be0cb2f2-71c3-4e95-a584-c19248951ff4","The Mouse & The Mask","a8185e3b-47fe-4fd0-a567-167bf3423386","El Chupa Nibre","05010b9f-dc58-318f-a90e-63af54a77616"
"1718643166","17 Jun 2024, 16:52","Indigo De Souza","a8d894ce-0e6b-4ddd-a49b-46f6330a590f","I Love My Mom","f22c1706-e91b-497f-93e7-609dd4cf74e2","Take Off Ur Pants","a6016563-3366-4f1a-9a33-f56ce56431a5"
"1718643045","17 Jun 2024, 16:50","Ian","890b6c4f-583b-4c6f-a42a-a07b923abc49","Valedictorian","3af469c3-2d64-4bc7-bf8d-a6b409304df5","Never Stop","f6fc70f6-481b-4c0a-9302-ee7b9b7bdc48"
"1718609492","17 Jun 2024, 07:31","Chappell Roan","56a55378-f155-48de-80a5-d80104221267","Good Luck, Babe!","3f6e621f-aefd-4597-8866-9072a1161ea6","Good Luck, Babe!","7194cfbb-36e7-48a1-b7aa-8dce21a0785a"
"1718609366","17 Jun 2024, 07:29","Bladee","cd689e77-dfdd-4f81-b50c-5e5a3f5e38a4","COLD VISIONS","d7d52cb9-0b8e-487a-b1fa-29d06e33ae65","YUNG SHERMAN (feat. Yung Sherman)",""
"1718609246","17 Jun 2024, 07:27","Charli XCX","260b6184-8828-48eb-945c-bc4cb6fc34ca","the 360 remix with robyn and yung lean","","the 360 remix with robyn and yung lean",""
"1718598490","17 Jun 2024, 04:28","Snail Mail","86cd4d38-857c-42bd-a5da-9acedcab1e01","The 2nd Most Beautiful Girl In The World","947c58c7-83ee-4abc-b4bd-023b5c8d5d7f","The 2nd Most Beautiful Girl In The World","0662ad9e-1952-4799-ba40-48e32ede9075"
"1718598354","17 Jun 2024, 04:25","Great Grandpa","fe920df0-e56d-4556-84c4-11f530ec4abc","Four Of Arrows","0294e16d-6615-486e-b7db-bae383b0e23b","Treat Jar","68dc9cba-e8f5-45e1-abf8-b8dd7192e38f"
"1718598225","17 Jun 2024, 04:23","Japanese Breakfast","8c529495-91f5-4e2f-b71b-adcb66878d04","Jubilee","7aa0673a-53b0-4cb8-9a94-9834b3c43b22","Savage Good Boy","ab506b58-43d1-486d-8f7f-4240d44d1a74"
"1718598068","17 Jun 2024, 04:21","Momma","a17342a6-e661-4874-9687-957caf010377","Household Name","acd6ac10-09cd-42c8-835f-a3760ad2cb85","Callin Me","971eef0d-a280-483f-bb17-9ae3ccc1c117"
"1718597902","17 Jun 2024, 04:18","Indigo De Souza","a8d894ce-0e6b-4ddd-a49b-46f6330a590f","All of This Will End","6e3f8936-81e2-4bdd-b19b-76f180a3225a","Smog","91ae7447-a0ad-42a5-88b7-f8b8e7278bb0"
"1718597080","17 Jun 2024, 04:04","Alice Gas","","leg room","","leg room",""
"1718596911","17 Jun 2024, 04:01","Alice Gas","","Diamonds on Meee","","Diamonds on Meee",""
"1718596694","17 Jun 2024, 03:58","Buckshot","","STRAWMAN","","STRAWMAN",""
"1718596605","17 Jun 2024, 03:56","Lieu","","cry","","cry",""
"1718596430","17 Jun 2024, 03:53","8485","68eae9ac-43a1-465f-97dd-ce5ea3cb9dc9","4real","","4Real",""
"1718592197","17 Jun 2024, 02:43","dsiboys","","Teenage Dirtbag","","Teenage Dirtbag",""
"1718592053","17 Jun 2024, 02:40","Bladee","cd689e77-dfdd-4f81-b50c-5e5a3f5e38a4","Icedancer","d98d0f2e-8fc2-421d-951d-7bd0d1565f74","Side by Side",""
"1718590117","17 Jun 2024, 02:08","Yeah Yeah Yeahs","584c04d2-4acc-491b-8a0a-e63133f4bfc4","Fever To Tell (Deluxe Remastered)","","Maps","46388d40-71c2-47e9-a37f-05fd0459c454"
"1718590111","17 Jun 2024, 02:08","Bladee","cd689e77-dfdd-4f81-b50c-5e5a3f5e38a4","Red Light","725f97cb-5e7a-4bbb-be43-c6500407a940","Westfield","c224509d-bbb4-4d44-8aff-27d86e64b1f1"
"1718583409","17 Jun 2024, 00:16","MIMIDEATH","","Effective. Power","5cfa8773-e8b4-4a5d-b858-4d8230aa27ed","calcium","60266b40-f9a9-4192-b212-de75dbc7f5f1"
"1718583261","17 Jun 2024, 00:14","Buckshot","2ff42e4d-ba2d-4fd4-8334-1eebb076bacc","Over the Hills","","OVER THE HILLS","067bb573-79c7-416a-84f3-4a204e6f18dd"
"1718582738","17 Jun 2024, 00:05","ericdoa","","movinglikeazombie (remix)","","movinglikeazombie - remix",""
"1718582545","17 Jun 2024, 00:02","Bladee","cd689e77-dfdd-4f81-b50c-5e5a3f5e38a4","The Fool","c766c578-2b32-4e96-b697-10eace5e662e","I Think...","41fea350-c420-4e6c-b04b-fa3605c79f33"
"1718582424","17 Jun 2024, 00:00","Saturn","a44efa31-2056-4582-bd0f-5cc4ad3f0336","L.S.D : LESS SUNNY DAYS","","Less Intro","9dd372ad-dc73-4b9d-8066-a87ac4b6b521"
"1718582219","16 Jun 2024, 23:56","Bladee","cd689e77-dfdd-4f81-b50c-5e5a3f5e38a4","Good Luck (Deluxe)","","Rainbow",""
"1718582191","16 Jun 2024, 23:56","Joyce Manor","945d3b69-27cd-45fa-b491-52553a63dead","s/t","","Constant Nothing","32476607-bfd7-3007-958d-706205cbddeb"
"1718576260","16 Jun 2024, 22:17","Joyce Manor","945d3b69-27cd-45fa-b491-52553a63dead","s/t","","Constant Nothing","32476607-bfd7-3007-958d-706205cbddeb"
"1718576176","16 Jun 2024, 22:16","Joyce Manor","945d3b69-27cd-45fa-b491-52553a63dead","s/t","","Constant Nothing","32476607-bfd7-3007-958d-706205cbddeb"
"1718569924","16 Jun 2024, 20:32","Charli XCX","260b6184-8828-48eb-945c-bc4cb6fc34ca","BRAT and it’s the same but there’s three more songs so it’s not","70f1b4e3-db24-4006-ab4e-5f8f1ae981cc","360","9e687f51-1fa6-4374-b9e0-2e3df630bcd5"
"1718562246","16 Jun 2024, 18:24","Saturn","a44efa31-2056-4582-bd0f-5cc4ad3f0336","Flow state","","Flow state",""
"1718561513","16 Jun 2024, 18:11","Saturn","a44efa31-2056-4582-bd0f-5cc4ad3f0336","Flow state","","Flow state",""
"1718483341","15 Jun 2024, 20:29","Charli XCX","260b6184-8828-48eb-945c-bc4cb6fc34ca","BRAT and it’s the same but there’s three more songs so it’s not","70f1b4e3-db24-4006-ab4e-5f8f1ae981cc","i think about it all the time","4d8939a9-a11e-464c-8816-4447472df358"
"1718415857","15 Jun 2024, 01:44","Charli XCX","260b6184-8828-48eb-945c-bc4cb6fc34ca","BRAT and it’s the same but there’s three more songs so it’s not","70f1b4e3-db24-4006-ab4e-5f8f1ae981cc","Mean girls","058b79d3-1023-4c75-9bf4-96491ec8fdc1"
"1718415679","15 Jun 2024, 01:41","Charli XCX","260b6184-8828-48eb-945c-bc4cb6fc34ca","BRAT and it’s the same but there’s three more songs so it’s not","70f1b4e3-db24-4006-ab4e-5f8f1ae981cc","B2b","316274e2-6043-41c3-97dd-0f570822b319"
"1718415527","15 Jun 2024, 01:38","Charli XCX","260b6184-8828-48eb-945c-bc4cb6fc34ca","BRAT and it’s the same but there’s three more songs so it’s not","70f1b4e3-db24-4006-ab4e-5f8f1ae981cc","Apple","85cc72aa-2e66-45fc-bc02-ce2ec036f82b"
"1718414836","15 Jun 2024, 01:27","Charli XCX","260b6184-8828-48eb-945c-bc4cb6fc34ca","BRAT and it’s the same but there’s three more songs so it’s not","70f1b4e3-db24-4006-ab4e-5f8f1ae981cc","Girl, so confusing","01a70574-fcf4-4292-a29b-bd5dc6892cfa"
"1718414626","15 Jun 2024, 01:23","Charli XCX","260b6184-8828-48eb-945c-bc4cb6fc34ca","BRAT and it’s the same but there’s three more songs so it’s not","70f1b4e3-db24-4006-ab4e-5f8f1ae981cc","So I","90962800-c819-47bc-b1df-97ed3ff2bd08"
"1718414458","15 Jun 2024, 01:20","Charli XCX","260b6184-8828-48eb-945c-bc4cb6fc34ca","BRAT and it’s the same but there’s three more songs so it’s not","70f1b4e3-db24-4006-ab4e-5f8f1ae981cc","Rewind","ff1b50b4-b05c-4d65-836d-8ae4685ece42"
"1718414253","15 Jun 2024, 01:17","Charli XCX","260b6184-8828-48eb-945c-bc4cb6fc34ca","BRAT and it’s the same but there’s three more songs so it’s not","70f1b4e3-db24-4006-ab4e-5f8f1ae981cc","Everything is romantic","92f108ea-4a03-4469-8bc3-be46ffa331e0"
"1718414090","15 Jun 2024, 01:14","Charli XCX","260b6184-8828-48eb-945c-bc4cb6fc34ca","BRAT and it’s the same but there’s three more songs so it’s not","70f1b4e3-db24-4006-ab4e-5f8f1ae981cc","Von dutch","93e4875c-8a06-4b7d-96cb-8cb27f142c7d"
"1718413928","15 Jun 2024, 01:12","Charli XCX","260b6184-8828-48eb-945c-bc4cb6fc34ca","BRAT and it’s the same but there’s three more songs so it’s not","70f1b4e3-db24-4006-ab4e-5f8f1ae981cc","Talk talk","351af27b-2581-4f27-a75f-1ae5200db4f2"
"1718413818","15 Jun 2024, 01:10","Charli XCX","260b6184-8828-48eb-945c-bc4cb6fc34ca","BRAT and it’s the same but there’s three more songs so it’s not","70f1b4e3-db24-4006-ab4e-5f8f1ae981cc","I might say something stupid","5d43269f-4c7d-40cb-893d-35b51b6dc078"
"1718413667","15 Jun 2024, 01:07","Charli XCX","260b6184-8828-48eb-945c-bc4cb6fc34ca","BRAT and it’s the same but there’s three more songs so it’s not","70f1b4e3-db24-4006-ab4e-5f8f1ae981cc","Sympathy is a knife","75fbda47-954c-4a9d-b6a8-e28ad376313a"
"1718413514","15 Jun 2024, 01:05","Charli XCX","260b6184-8828-48eb-945c-bc4cb6fc34ca","BRAT and it’s the same but there’s three more songs so it’s not","70f1b4e3-db24-4006-ab4e-5f8f1ae981cc","Club classics","0a88e1e3-f8b3-434a-9289-a2828a00241a"
"1718413379","15 Jun 2024, 01:02","Charli XCX","260b6184-8828-48eb-945c-bc4cb6fc34ca","BRAT and it’s the same but there’s three more songs so it’s not","70f1b4e3-db24-4006-ab4e-5f8f1ae981cc","360","9e687f51-1fa6-4374-b9e0-2e3df630bcd5"
"1718413237","15 Jun 2024, 01:00","Charli XCX","260b6184-8828-48eb-945c-bc4cb6fc34ca","BRAT and it’s the same but there’s three more songs so it’s not","70f1b4e3-db24-4006-ab4e-5f8f1ae981cc","Spring Breakers","21c5e2dc-5165-4937-a03c-24a6e2b36ec9"
"1718413095","15 Jun 2024, 00:58","Charli XCX","260b6184-8828-48eb-945c-bc4cb6fc34ca","BRAT and it’s the same but there’s three more songs so it’s not","70f1b4e3-db24-4006-ab4e-5f8f1ae981cc","Guess","1f007f75-2629-46e8-9dd3-e22067bb1d43"
"1718412876","15 Jun 2024, 00:54","Charli XCX","260b6184-8828-48eb-945c-bc4cb6fc34ca","BRAT and it’s the same but there’s three more songs so it’s not","70f1b4e3-db24-4006-ab4e-5f8f1ae981cc","Hello Goodbye","26f0dc0e-69d5-4f44-8262-09a20ac7afec"
"1718412672","15 Jun 2024, 00:51","Charli XCX","260b6184-8828-48eb-945c-bc4cb6fc34ca","BRAT and it’s the same but there’s three more songs so it’s not","70f1b4e3-db24-4006-ab4e-5f8f1ae981cc","365","bd9fd6a1-d41b-4b82-9ead-a4f958749a77"
"1718412536","15 Jun 2024, 00:48","Charli XCX","260b6184-8828-48eb-945c-bc4cb6fc34ca","BRAT and it’s the same but there’s three more songs so it’s not","70f1b4e3-db24-4006-ab4e-5f8f1ae981cc","i think about it all the time","4d8939a9-a11e-464c-8816-4447472df358"
"1718412346","15 Jun 2024, 00:45","Charli XCX","260b6184-8828-48eb-945c-bc4cb6fc34ca","BRAT and it’s the same but there’s three more songs so it’s not","70f1b4e3-db24-4006-ab4e-5f8f1ae981cc","Mean girls","058b79d3-1023-4c75-9bf4-96491ec8fdc1"
"1718412168","15 Jun 2024, 00:42","Charli XCX","260b6184-8828-48eb-945c-bc4cb6fc34ca","BRAT and it’s the same but there’s three more songs so it’s not","70f1b4e3-db24-4006-ab4e-5f8f1ae981cc","B2b","316274e2-6043-41c3-97dd-0f570822b319"
"1718412016","15 Jun 2024, 00:40","Charli XCX","260b6184-8828-48eb-945c-bc4cb6fc34ca","BRAT and it’s the same but there’s three more songs so it’s not","70f1b4e3-db24-4006-ab4e-5f8f1ae981cc","Apple","85cc72aa-2e66-45fc-bc02-ce2ec036f82b"
"1718411843","15 Jun 2024, 00:37","Charli XCX","260b6184-8828-48eb-945c-bc4cb6fc34ca","BRAT and it’s the same but there’s three more songs so it’s not","70f1b4e3-db24-4006-ab4e-5f8f1ae981cc","Girl, so confusing","01a70574-fcf4-4292-a29b-bd5dc6892cfa"
"1718411462","15 Jun 2024, 00:31","Charli XCX","260b6184-8828-48eb-945c-bc4cb6fc34ca","BRAT and it’s the same but there’s three more songs so it’s not","70f1b4e3-db24-4006-ab4e-5f8f1ae981cc","So I","90962800-c819-47bc-b1df-97ed3ff2bd08"
"1718411295","15 Jun 2024, 00:28","Charli XCX","260b6184-8828-48eb-945c-bc4cb6fc34ca","BRAT and it’s the same but there’s three more songs so it’s not","70f1b4e3-db24-4006-ab4e-5f8f1ae981cc","Rewind","ff1b50b4-b05c-4d65-836d-8ae4685ece42"
"1718411091","15 Jun 2024, 00:24","Charli XCX","260b6184-8828-48eb-945c-bc4cb6fc34ca","BRAT and it’s the same but there’s three more songs so it’s not","70f1b4e3-db24-4006-ab4e-5f8f1ae981cc","Everything is romantic","92f108ea-4a03-4469-8bc3-be46ffa331e0"
"1718410927","15 Jun 2024, 00:22","Charli XCX","260b6184-8828-48eb-945c-bc4cb6fc34ca","BRAT and it’s the same but there’s three more songs so it’s not","70f1b4e3-db24-4006-ab4e-5f8f1ae981cc","Von dutch","93e4875c-8a06-4b7d-96cb-8cb27f142c7d"
"1718383867","14 Jun 2024, 16:51","Charli XCX","260b6184-8828-48eb-945c-bc4cb6fc34ca","BRAT and it’s the same but there’s three more songs so it’s not","70f1b4e3-db24-4006-ab4e-5f8f1ae981cc","Talk talk","351af27b-2581-4f27-a75f-1ae5200db4f2"
"1718383758","14 Jun 2024, 16:49","Charli XCX","260b6184-8828-48eb-945c-bc4cb6fc34ca","BRAT and it’s the same but there’s three more songs so it’s not","70f1b4e3-db24-4006-ab4e-5f8f1ae981cc","I might say something stupid","5d43269f-4c7d-40cb-893d-35b51b6dc078"
"1718383607","14 Jun 2024, 16:46","Charli XCX","260b6184-8828-48eb-945c-bc4cb6fc34ca","BRAT and it’s the same but there’s three more songs so it’s not","70f1b4e3-db24-4006-ab4e-5f8f1ae981cc","Sympathy is a knife","75fbda47-954c-4a9d-b6a8-e28ad376313a"
"1718383454","14 Jun 2024, 16:44","Charli XCX","260b6184-8828-48eb-945c-bc4cb6fc34ca","BRAT and it’s the same but there’s three more songs so it’s not","70f1b4e3-db24-4006-ab4e-5f8f1ae981cc","Club classics","0a88e1e3-f8b3-434a-9289-a2828a00241a"
"1718383321","14 Jun 2024, 16:42","Charli XCX","260b6184-8828-48eb-945c-bc4cb6fc34ca","BRAT and it’s the same but there’s three more songs so it’s not","70f1b4e3-db24-4006-ab4e-5f8f1ae981cc","360","9e687f51-1fa6-4374-b9e0-2e3df630bcd5"
"1718316246","13 Jun 2024, 22:04","Bladee","cd689e77-dfdd-4f81-b50c-5e5a3f5e38a4","COLD VISIONS","d7d52cb9-0b8e-487a-b1fa-29d06e33ae65","YUNG SHERMAN (feat. Yung Sherman)",""
"1718316074","13 Jun 2024, 22:01","Momma","a17342a6-e661-4874-9687-957caf010377","Household Name","acd6ac10-09cd-42c8-835f-a3760ad2cb85","Callin Me","971eef0d-a280-483f-bb17-9ae3ccc1c117"
"1718315927","13 Jun 2024, 21:58","Japanese Breakfast","8c529495-91f5-4e2f-b71b-adcb66878d04","Jubilee","7aa0673a-53b0-4cb8-9a94-9834b3c43b22","Savage Good Boy","ab506b58-43d1-486d-8f7f-4240d44d1a74"
"1718315772","13 Jun 2024, 21:56","Bladee","cd689e77-dfdd-4f81-b50c-5e5a3f5e38a4","COLD VISIONS","d7d52cb9-0b8e-487a-b1fa-29d06e33ae65","TERRIBLE EXCELLENCE (feat. Yung Lean)",""
"1718315521","13 Jun 2024, 21:52","Carly Rae Jepsen","09887aa7-226e-4ecc-9a0c-02d2ae5777e1","Emotion (Deluxe Expanded Edition)","","Run Away with Me","7121c3e9-a122-4347-9780-041ae1fd14c4"
"1718315110","13 Jun 2024, 21:45","8485","68eae9ac-43a1-465f-97dd-ce5ea3cb9dc9","Personal Protocol","32a94c14-1f18-406b-a1a0-de892fcd75ca","COOL_DNB_SONG",""
"1718314956","13 Jun 2024, 21:42","Bladee","cd689e77-dfdd-4f81-b50c-5e5a3f5e38a4","COLD VISIONS","d7d52cb9-0b8e-487a-b1fa-29d06e33ae65","WODRAINER","1cfcd9b6-0f41-4828-9ac0-2189cda6642c"
"1718314724","13 Jun 2024, 21:38","Chappell Roan","56a55378-f155-48de-80a5-d80104221267","Love Me Anyway","3d9807ce-9b72-450a-9583-7b625311da72","Love Me Anyway","02c78c53-9238-4d40-8929-64f81a8d13b6"
"1718314468","13 Jun 2024, 21:34","Better Oblivion Community Center","9861b813-3e8e-4e3a-b5ec-78ac6280489a","Better Oblivion Community Center","","My City","1e68b967-8feb-423b-92e0-4b703724230b"
"1718314271","13 Jun 2024, 21:31","Pavement","","Slanted & Enchanted: Luxe & Reduxe","","Frontwards","4e51bd11-77e0-4d13-8988-8cfe3ea318a9"
"1718314083","13 Jun 2024, 21:28","Crying","e4687e1b-cf22-4fe1-83b7-ae82d874e17c","Beyond the Fleeting Gales","2bbaec58-5eff-43bc-be41-22928a4e2b6c","Premonitory Dream","4640db2d-16cf-4da2-b809-ece69052b779"
"1718313890","13 Jun 2024, 21:24","Indigo De Souza","a8d894ce-0e6b-4ddd-a49b-46f6330a590f","All of This Will End","6e3f8936-81e2-4bdd-b19b-76f180a3225a","Smog","91ae7447-a0ad-42a5-88b7-f8b8e7278bb0"
"1718313772","13 Jun 2024, 21:22","Matt OX","5ccb759f-2cdf-40b3-93f9-883ce3cd9ea8","Overwhelming","743adc39-a9f2-465d-a872-b55b6e9f03d9","Overwhelming","8c1741d4-1c29-4d20-a6ad-1b1421b979fb"
"1718313643","13 Jun 2024, 21:20","Ian","890b6c4f-583b-4c6f-a42a-a07b923abc49","Valedictorian","3af469c3-2d64-4bc7-bf8d-a6b409304df5","Never Stop","f6fc70f6-481b-4c0a-9302-ee7b9b7bdc48"
"1718313509","13 Jun 2024, 21:18","Charli XCX","260b6184-8828-48eb-945c-bc4cb6fc34ca","BRAT","4b4698bd-25c7-4635-96e2-178ae2d5cd3b","360","9e687f51-1fa6-4374-b9e0-2e3df630bcd5"
"1718313348","13 Jun 2024, 21:15","Charli XCX","260b6184-8828-48eb-945c-bc4cb6fc34ca","BRAT","4b4698bd-25c7-4635-96e2-178ae2d5cd3b","Talk talk","351af27b-2581-4f27-a75f-1ae5200db4f2"
"1718313207","13 Jun 2024, 21:13","Charli XCX","260b6184-8828-48eb-945c-bc4cb6fc34ca","the 360 remix with robyn and yung lean","","the 360 remix with robyn and yung lean",""
"1718313076","13 Jun 2024, 21:11","Charli XCX","260b6184-8828-48eb-945c-bc4cb6fc34ca","the 360 remix with robyn and yung lean","","the 360 remix with robyn and yung lean",""
"1718312293","13 Jun 2024, 20:58","Charli XCX","260b6184-8828-48eb-945c-bc4cb6fc34ca","the 360 remix with robyn and yung lean","","the 360 remix with robyn and yung lean",""
"1718312163","13 Jun 2024, 20:56","Charli XCX","260b6184-8828-48eb-945c-bc4cb6fc34ca","the 360 remix with robyn and yung lean","","the 360 remix with robyn and yung lean",""
"1718311779","13 Jun 2024, 20:49","Charli XCX","260b6184-8828-48eb-945c-bc4cb6fc34ca","the 360 remix with robyn and yung lean","","the 360 remix with robyn and yung lean",""
"1718311649","13 Jun 2024, 20:47","Charli XCX","260b6184-8828-48eb-945c-bc4cb6fc34ca","the 360 remix with robyn and yung lean","","the 360 remix with robyn and yung lean",""
"1718311519","13 Jun 2024, 20:45","Charli XCX","260b6184-8828-48eb-945c-bc4cb6fc34ca","the 360 remix with robyn and yung lean","","the 360 remix with robyn and yung lean",""
"1718311388","13 Jun 2024, 20:43","Charli XCX","260b6184-8828-48eb-945c-bc4cb6fc34ca","the 360 remix with robyn and yung lean","","the 360 remix with robyn and yung lean",""
"1718311258","13 Jun 2024, 20:40","Charli XCX","260b6184-8828-48eb-945c-bc4cb6fc34ca","the 360 remix with robyn and yung lean","","the 360 remix with robyn and yung lean",""
"1718237727","13 Jun 2024, 00:15","Charli XCX","260b6184-8828-48eb-945c-bc4cb6fc34ca","the 360 remix with robyn and yung lean","","the 360 remix with robyn and yung lean",""
"1718236763","12 Jun 2024, 23:59","Charli XCX","260b6184-8828-48eb-945c-bc4cb6fc34ca","the 360 remix with robyn and yung lean","","the 360 remix with robyn and yung lean",""
"1718236634","12 Jun 2024, 23:57","Charli XCX","260b6184-8828-48eb-945c-bc4cb6fc34ca","the 360 remix with robyn and yung lean","","the 360 remix with robyn and yung lean",""
"1718236504","12 Jun 2024, 23:55","Charli XCX","260b6184-8828-48eb-945c-bc4cb6fc34ca","the 360 remix with robyn and yung lean","","the 360 remix with robyn and yung lean",""
"1718236373","12 Jun 2024, 23:52","Charli XCX","260b6184-8828-48eb-945c-bc4cb6fc34ca","the 360 remix with robyn and yung lean","","the 360 remix with robyn and yung lean",""
"1718236243","12 Jun 2024, 23:50","Charli XCX","260b6184-8828-48eb-945c-bc4cb6fc34ca","the 360 remix with robyn and yung lean","","the 360 remix with robyn and yung lean",""
"1718236112","12 Jun 2024, 23:48","Charli XCX","260b6184-8828-48eb-945c-bc4cb6fc34ca","the 360 remix with robyn and yung lean","","the 360 remix with robyn and yung lean",""
"1718235982","12 Jun 2024, 23:46","Charli XCX","260b6184-8828-48eb-945c-bc4cb6fc34ca","the 360 remix with robyn and yung lean","","the 360 remix with robyn and yung lean",""
"1718235852","12 Jun 2024, 23:44","Charli XCX","260b6184-8828-48eb-945c-bc4cb6fc34ca","the 360 remix with robyn and yung lean","","the 360 remix with robyn and yung lean",""
"1718234185","12 Jun 2024, 23:16","Charli XCX","260b6184-8828-48eb-945c-bc4cb6fc34ca","the 360 remix with robyn and yung lean","","the 360 remix with robyn and yung lean",""